<?xml version="1.0" encoding="UTF-8"?>
<project-private xmlns="http://www.netbeans.org/ns/project-private/1">
    <editor-bookmarks xmlns="http://www.netbeans.org/ns/editor-bookmarks/2" lastBookmarkId="0"/>
    <open-files xmlns="http://www.netbeans.org/ns/projectui-open-files/2">
        <group>
            <file>file:/D:/SisaiTech/Projects/Omnipresence/Programs/SAME54_Xplained_pro/Sample_code/apps/fs/nvm_mpfs/firmware/src/mpfs_img2.c</file>
            <file>file:/D:/SisaiTech/Projects/Omnipresence/Programs/SAME54_Xplained_pro/Sample_code/apps/fs/nvm_mpfs/firmware/src/main.c</file>
        </group>
    </open-files>
</project-private>
