{
	"metaDataVersion": "1.0.0",
	"category": "com.microchip.ide.project",
	"content": {
		"metaDataVersion": "1.1.0",
		"name": "com.microchip.mcu32.mplabx.project.core_apps_sam_d5x_e5x_fs_nvm_fat_sam_e54_xpro",
		"version": "3.1.0",
		"displayName": "FAT filesystem using NVM Media Example for SAM D5x/E5x Family",
		"projectName": "nvm_fat_sam_e54_xpro",
		"shortDescription": "This application shows an example of implementing a FAT disk in the device internal Flash memory.",
		"ide": {
			"name": "MPLABX",
			"semverRange": ">=5.45.0"
		},
		"compiler": [
			{
				"name": "XC32",
				"semverRange": ">=2.50.0"
			}
		],
		"dfp": {
			"name": "SAME54_DFP",
			"semverRange": "^3.3.64"
		},
		"configurator": {
			"name": "MHC",
			"semverRange": ">=3.7.0"
		},
		"device": {
			"metaDataVersion": "1.0.0",
			"category": "com.microchip.portal.contentRef",
			"content": {
				"metaDataVersion": "1.0.0",
				"category": "com.microchip.device",
				"name": "ATSAME54P20A",
				"versionRange": "*"
			}
		},
		"author": "Microchip",
		"subcategories": [
			[
				"Development Kit",
				"SAM E54 Xplained Pro Evaluation Kit"
			],
			[
				"Harmony",
				"Middleware",
				"File System (FS)",
				"NVM_FAT"
			],
			[
				"File System (FS)",
				"NVM_FAT"
			]
		],
		"peripherals": [
			"NVM_FAT"
		],
		"keywords": [
			"MHC",
			"Harmony",
			"File System",
			"ATSAME54P20A",
			"SAM D5x/E5x Family"
		],
		"additionalData": {
			"longDescription": {
				"metaDataVersion": "1.0.0",
				"category": "com.microchip.portal.fileRef",
				"content": {
					"metaDataVersion": "1.0.0",
					"fileName": "./../../readme.md",
					"mimeType": "text/markdown"
				}
			}
		}
	}
}