<?xml version="1.0" encoding="UTF-8"?>
<project-private xmlns="http://www.netbeans.org/ns/project-private/1">
    <editor-bookmarks xmlns="http://www.netbeans.org/ns/editor-bookmarks/2" lastBookmarkId="0"/>
    <open-files xmlns="http://www.netbeans.org/ns/projectui-open-files/2">
        <group>
            <file>file:/D:/SisaiTech/Projects/Omnipresence/Programs/SAME54_Xplained_pro/Sample_code/apps/fs/nvm_fat/firmware/src/nvm_disk_images.h</file>
            <file>file:/D:/SisaiTech/Projects/Omnipresence/Programs/SAME54_Xplained_pro/Sample_code/apps/fs/nvm_fat/firmware/src/app.c</file>
            <file>file:/D:/SisaiTech/Projects/Omnipresence/Programs/SAME54_Xplained_pro/Sample_code/apps/fs/nvm_fat/firmware/src/config/sam_e54_xpro/system/fs/sys_fs.h</file>
            <file>file:/D:/SisaiTech/Projects/Omnipresence/Programs/SAME54_Xplained_pro/Sample_code/apps/fs/nvm_fat/firmware/src/main.c</file>
            <file>file:/D:/SisaiTech/Projects/Omnipresence/Programs/SAME54_Xplained_pro/Sample_code/apps/fs/nvm_fat/firmware/src/config/sam_e54_xpro/user.h</file>
            <file>file:/D:/SisaiTech/Projects/Omnipresence/Programs/SAME54_Xplained_pro/Sample_code/apps/fs/nvm_fat/firmware/src/config/sam_e54_xpro/tasks.c</file>
            <file>file:/D:/SisaiTech/Projects/Omnipresence/Programs/SAME54_Xplained_pro/Sample_code/apps/fs/nvm_fat/firmware/src/config/sam_e54_xpro/system/fs/src/sys_fs.c</file>
            <file>file:/D:/SisaiTech/Projects/Omnipresence/Programs/SAME54_Xplained_pro/Sample_code/apps/fs/nvm_fat/firmware/src/app.h</file>
            <file>file:/D:/SisaiTech/Projects/Omnipresence/Programs/SAME54_Xplained_pro/Sample_code/apps/fs/nvm_fat/firmware/src/config/sam_e54_xpro/system/fs/src/sys_fs_media_manager.c</file>
            <file>file:/D:/SisaiTech/Projects/Omnipresence/Programs/SAME54_Xplained_pro/Sample_code/apps/fs/nvm_fat/firmware/src/nvm_disk_images.c</file>
        </group>
    </open-files>
</project-private>
